Name,Risk Rating (Exponential),Protocol URL (Exponential),Related Pools
Yearn,Good,https://exponential.fi/protocols/35d45fdb-e747-4fdd-9f15-b8a6651f4196,"https://www.notion.so/Yearn-ETH-Market-Making-13d918e565d044d48f33a11d33376484, https://www.notion.so/Yearn-BTC-Market-Making-1bcf03cf242a47ac9c0fe20884130e3d, https://www.notion.so/Yearn-BTC-Market-Making-c8c8370dc3f241d09a1878cc509922a4, https://www.notion.so/Yearn-BTC-Lending-c875a458103240528acce4d60525622c, https://www.notion.so/Yearn-ETH-Market-Making-74bfcee55f064a0185baa291799e592d, https://www.notion.so/Yearn-ETH-Market-Making-6793a74cfbfe434b8b8793127ed50106, https://www.notion.so/Yearn-USD-Market-Making-11b90fea148b442bb6851c4120b5b4e2, https://www.notion.so/Yearn-CRV-Staking-b4916ee4591149668f2e55f03915a134, https://www.notion.so/Yearn-CRV-Market-Making-502cdc8b6b3b411d8d1b9c3b2951600e, https://www.notion.so/Yearn-Tricrypto-Market-Making-2a046da84b9e4322898ae81135100278, https://www.notion.so/Yearn-CVX-ETH-Market-Making-772863406d894c7686b02e400348c03e, https://www.notion.so/Yearn-CRV-ETH-Market-Making-82a946b18f6b48b98f6b7f58571b9986, https://www.notion.so/Yearn-USD-Market-Making-39814a7f77d545e689b51e2f79217c4a, https://www.notion.so/Yearn-SNX-Lending-28e4971c5d3844688ceb5bc14cbf0e89, https://www.notion.so/Yearn-USD-Market-Making-d6740339d9a448bc880d291290625792, https://www.notion.so/Yearn-AAVE-Lending-dad2ee0759044108b2e11f4a51715f75, https://www.notion.so/Yearn-UNI-Lending-b4b1830f718d498ea782b21b874c399c, https://www.notion.so/Yearn-USD-Staking-f8502b80bde341b89494b0bada03b385, https://www.notion.so/Yearn-USD-Staking-db45ebb4be5f498aa4258db9d762ffce, https://www.notion.so/Yearn-ETH-Staking-db6fb4890748471c9d1aa31bb24cbc14, https://www.notion.so/Yearn-USD-Staking-55ade29c6fd44b8c9a64e7b55481fc47, https://www.notion.so/Yearn-USD-Market-Making-5b592a20fb6542b7ab0c5145c07d924b, https://www.notion.so/Yearn-LUSD-Staking-94c908ee124042a98af13cfa04b2492b, https://www.notion.so/Yearn-FTM-Staking-a4f66b0d67e9412588fed1f8b7a6788c, https://www.notion.so/Yearn-USD-Lending-fe59cc86d7814aff97e98b16b2ad74b2, https://www.notion.so/Yearn-USD-Lending-378a1fe74ae24a6f831cf9b34e692672, https://www.notion.so/Yearn-ETH-Market-Making-e85aa83399c940e09a3b9fd04e960118, https://www.notion.so/Yearn-ETH-Lending-815e8c9ec8274fddb8c540dde41ad027, https://www.notion.so/Yearn-LINK-Lending-eb9c0dd3bc8a403daaa0ea75246b1422, https://www.notion.so/Yearn-USD-Lending-5899922222964c4bba67c231cf958880"
Uniswap v3,Best,https://exponential.fi/protocols/89358ad7-c986-4c76-b2c0-bb546c0e8d8c,"https://www.notion.so/Uniswap-BTC-Market-Making-0b4cbb47e1624724b30ae015fef52b47, https://www.notion.so/Uniswap-ETH-Market-Making-c947739867ee4836ae0bd045e2f781e0, https://www.notion.so/Uniswap-ETH-Market-Making-22c69945082a495abc5b7d3354c30406, https://www.notion.so/Uniswap-EUR-USD-Market-Making-2d05ae8e9a254b7f8fe5b08a90c6cfb2, https://www.notion.so/Uniswap-BTC-ETH-Market-Making-610572a8b23f418487180c35e66560f3, https://www.notion.so/Uniswap-BTC-ETH-30bp-Market-Making-de0ba1e115e04b6dafc3f03f7923df3e, https://www.notion.so/Uniswap-BTC-ETH-Market-Making-cfeb8faa6d8c422e83c13772dae6df5a, https://www.notion.so/Uniswap-BTC-ETH-5bp-Market-Making-806b4f6cd11a4579afe4a39de6bf87e4, https://www.notion.so/Uniswap-USDC-FOLD-Market-Making-1f618128dea64938ace45bf9551cbb1c, https://www.notion.so/Uniswap-UMAMI-ETH-Market-Making-100bp-3d71882b28c942f7ac581d1512a17a12, https://www.notion.so/Uniswap-GMX-USD-Market-Making-8a4096d8fc60455e83e71a55e311c0a8, https://www.notion.so/Uniswap-GMX-ETH-Market-Making-ea87f2dfd2bd436b81d532aa511b30bf, https://www.notion.so/Uniswap-ETH-OP-Market-Making-2b5c0abad3344a88bda4b6ac144f8be6, https://www.notion.so/Uniswap-ETH-LOOKS-Market-Making-1558792bcd684a40b84e5888492f9439, https://www.notion.so/Uniswap-LINK-ETH-Market-Making-30bp-c26ee7c17ec5405ea45aa48a385922df, https://www.notion.so/Uniswap-ETH-MATIC-Market-Making-5ca9a69050304f8ba0dd0877855ed738, https://www.notion.so/Uniswap-ETH-ENS-Market-Making-1a55bb97a26048fbb06de01a877d5224, https://www.notion.so/Uniswap-ETH-UNI-Market-Making-906b5b3d771641b19a57103efe9da52f, https://www.notion.so/Uniswap-ETH-GMX-Market-Making-484489897c6d49c4ba0167edc999e60c, https://www.notion.so/Uniswap-ETH-USD-Market-Making-5bp-e29f5934877e403784ba421edaf4211b, https://www.notion.so/Uniswap-ETH-USD-Market-Making-9e3d44563ba5416e88dc58c6084dbf4d, https://www.notion.so/Uniswap-ETH-USD-Market-Making-be7393fb43504ca78c740320c635cee9, https://www.notion.so/Uniswap-ETH-USD-Market-Making-5bp-64e77b984de241418094291dbd98611e, https://www.notion.so/Uniswap-ETH-USD-Market-Making-86a753aeecfd4291a5d56068e0f9b8d6, https://www.notion.so/Uniswap-ETH-USD-Market-Making-5b907562ded34aa5b5b9631f0bcacb51, https://www.notion.so/Uniswap-ETH-USD-Market-Making-30bp-2a3c51fb13414628bc800a41f845db40, https://www.notion.so/Uniswap-ETH-USD-Market-Making-8080b81c6ebd4a869a6c30f888469010, https://www.notion.so/Uniswap-ETH-USD-Market-Making-5bp-daa974c82bd8458393c2100084408978, https://www.notion.so/Uniswap-ETH-USD-Market-Making-30bp-0a4857865156426ab5e2558f503ed7c2, https://www.notion.so/Uniswap-BTC-USD-Market-Making-c8cd533427044ff894deecd1930c429e, https://www.notion.so/Uniswap-BTC-USD-Market-Making-dcfe7026a19a440aaa561d12451ee9c4, https://www.notion.so/Uniswap-BTC-USD-Market-Making-3f022d8af2a84162980037a6e92f54b2, https://www.notion.so/Uniswap-OP-USD-Market-Making-57b41ceb40804e4887ef67a25d4fc6b3, https://www.notion.so/Uniswap-GMX-USD-Market-Making-1bp-1c7573d44b57408ca1b7c81a2518a28e, https://www.notion.so/Uniswap-ETH-USD-Market-Making-30bp-b742251196384a3ba1553de42b1651bd, https://www.notion.so/Uniswap-USD-Market-Making-5f025432a6f54c8381a2034c73761357"
Lifinity,Watch Out,https://exponential.fi/protocols/7971ef17-faeb-4d80-a08f-c8d479cedbba,"https://www.notion.so/Lifinity-SOL-USDC-Market-Making-67e57b31c00e47e9b70c842072529898, https://www.notion.so/Lifinity-SOL-USDT-Market-Making-400da2e9837f4266aedc5e6fa56fd710, https://www.notion.so/Lifinity-mSOL-USDC-Market-Making-c7b14b1ab2b445e8885777db30ccb0b2, https://www.notion.so/Lifinity-stSOL-USDC-Market-Making-218073a8f29e4c6483d30168ae6e2f60"
Llama Airforce,Watch Out,https://exponential.fi/protocols/8692bb64-3050-49ee-8d63-ea6f0b9c1b87,"https://www.notion.so/Llama-Airforce-BAL-Staking-0aaf0824d30c46a3b1c0e0e71df61970, https://www.notion.so/Llama-Airforce-CVX-Fee-Sharing-ad2d46eec06745b38695b9ed2e663608, https://www.notion.so/Llama-Airforce-CRV-Fee-Sharing-8ae48cc89c9543eba45d9e84c1c229c7, https://www.notion.so/Llama-Airforce-FXS-Fee-Sharing-fb090af9b8f54c80b01ee703ca266ca1"
cBridge,Average,https://exponential.fi/protocols/f8ab458c-426d-4e09-9b57-7ea19703fe91,"https://www.notion.so/cBridge-ETH-Avalanche-f2faf0b8c65f48b29e20a538d06df2db, https://www.notion.so/cBridge-ETH-Polygon-903124adb2764dcbb41cd453ae9c8adb, https://www.notion.so/cBridge-ETH-Optimism-f6dca79b215243b29bef24e4256cfb05, https://www.notion.so/cBridge-ETH-Ethereum-9129ba9d3c03471b8286727eaca594aa, https://www.notion.so/cBridge-ETH-BNB-Chain-329eb022c6084223adaf30afe7c30364"
Ribbon,Good,https://exponential.fi/protocols/1d0e587f-90f5-4f11-abe6-155e7ecf1bd8,"https://www.notion.so/Ribbon-AVAX-Calls-a1fd1286e6a146f7b417521bffb76459, https://www.notion.so/Ribbon-AVAX-Calls-79d723384969415ca1e58b0e959f255e, https://www.notion.so/Ribbon-ETH-Puts-bae978910b5c4b6a953c30d512978d35, https://www.notion.so/Ribbon-ETH-Calls-aeae7e2e8ea044fd9df4a06a7f3646ae"
KyberSwap,Average,https://exponential.fi/protocols/b323e0b1-b6f1-4ee1-94bf-5e90b359f01e,"https://www.notion.so/KyberSwap-ETH-Market-Making-554021e69f1d4d20983b7c408670907a, https://www.notion.so/KyberSwap-USD-Market-Making-2b343fa69aa7495da9f056d215912a27, https://www.notion.so/KyberSwap-USD-Market-Making-666349e95d7047a4a8df117067b384ec, https://www.notion.so/KyberSwap-USD-Market-Making-273060ea627944d3ae338b6e9078ec48, https://www.notion.so/KyberSwap-MATIC-Market-Making-36110997c77c4adc8fab4b76214688c8, https://www.notion.so/KyberSwap-BTC-ETH-Market-Making-128ee471629f48dca2dc78ede4659df6, https://www.notion.so/KyberSwap-ETH-USD-Market-Making-7eb81f91a6ab424387421ab051cde3c9, https://www.notion.so/KyberSwap-MATIC-USD-Market-Making-681e6ba6c7b741578a6d0dc31c35e725, https://www.notion.so/KyberSwap-MATIC-USD-Market-Making-6114653da3164124b4ab8d3a714d8964, https://www.notion.so/KyberSwap-USD-Market-Making-551f1902809a4524977335ff3bb44d10, https://www.notion.so/KyberSwap-USD-Market-Making-f7335f6b4d4347b8819b9fc85ab89530, https://www.notion.so/KyberSwap-USD-Market-Making-fa23162ffcb04eacb453b04c4b7c6157, https://www.notion.so/KyberSwap-USD-Market-Making-a331674f6f96412186709644a944aef6"
Trader Joe,Average,https://exponential.fi/protocols/c4b5e7f5-0800-40ef-ba5e-8502ffad73bf,"https://www.notion.so/Trader-Joe-AVAX-ETH-Market-Making-f3a692e8780e4e4081289178ad63280c, https://www.notion.so/Trader-Joe-AVAX-Market-Making-16030e3c58d344e0b9244fd24df6b340, https://www.notion.so/Trader-Joe-BTC-AVAX-Market-Making-cd8e590b4da1421a88e71b63650ffd73, https://www.notion.so/Trader-Joe-AVAX-USD-Market-Making-610b4aecf9cc4b30a2e7998aabd1f3fb, https://www.notion.so/Trader-Joe-AVAX-USD-Market-Making-2f83fd77f8a648bb922acd65f53c0ad4, https://www.notion.so/Trader-Joe-AVAX-USD-Market-Making-74b145757b1849cdaba89b12e9ffaf80, https://www.notion.so/Trader-Joe-AVAX-USD-Market-Making-7503c07fa9a246468495c1870680d6ee, https://www.notion.so/Trader-Joe-AVAX-USD-Market-Making-9e1740b7f9314b22a4075d2a6935e277, https://www.notion.so/Trader-Joe-AVAX-USD-Market-Making-90be208a12a84a1aae81da56efe2889e, https://www.notion.so/Trader-Joe-USD-Market-Making-82e42cccae744190836f733798872f56, https://www.notion.so/Trader-Joe-Fee-Sharing-131193340c4f447294211c14e03d249b, https://www.notion.so/Trader-Joe-USD-Market-Making-765e1acafa304bc2a663beb4ab572d11"
Pendle,Average,https://exponential.fi/protocols/9d7ffafa-4f96-4fc9-856b-dd9c4497df7e,"https://www.notion.so/Pendle-USDC-Principal-Token-3-29-9af18503e1cb4efca06ebe4812b66476, https://www.notion.so/Pendle-USDC-Market-Making-3-29-53ff00f2b2684fc1b116e2a21f7516af, https://www.notion.so/Pendle-ETH-Principal-Token-3-29-e8033cad82244b2992628ea0a36ccf92, https://www.notion.so/Pendle-ETH-Yield-Token-6-28-e8f042b6c0bf4efab8824ac84acf82b8, https://www.notion.so/Pendle-ETH-Market-Making-3-29-5943e072f0234f2289301df48fc04b01, https://www.notion.so/Pendle-ETH-Market-Making-6-28-f576cbb41cf54c7bbe3ae9ca2e6b79ae, https://www.notion.so/Pendle-ETH-Yield-Token-3-29-3af526d71ca24723abb52f0d5d0a981a, https://www.notion.so/Pendle-USDC-Yield-Token-3-29-c48eb672f5d140309917cfbaa124813f, https://www.notion.so/Pendle-APE-Yield-Token-6-28-d793bf84335a4cc4920225174ff00688, https://www.notion.so/Pendle-APE-Market-Making-6-28-128aa156f0724a76aacf845b66cca71b, https://www.notion.so/Pendle-APE-Principal-Token-6-28-eb617db7e2a9437986b67e8e83c03523, https://www.notion.so/Pendle-LOOKS-Yield-Token-3-29-2ef611ce66324a5996c6521073d60973, https://www.notion.so/Pendle-LOOKS-Market-Making-3-29-aba0e18ed3e14fd2b98b411747a5b7e5, https://www.notion.so/Pendle-LOOKS-Principal-Token-3-29-a24788e200644fb3b6265042f85eaeee, https://www.notion.so/Pendle-ETH-Principal-Token-6-28-c3c60d79b53146bc8d3baa9b71c76bfb"
Sommelier,Watch Out,https://exponential.fi/protocols/8be668d9-22f4-4fe3-83fa-81de89391895,"https://www.notion.so/Sommelier-USD-Yield-18a24e1d0a69425ebb82b40425e48859, https://www.notion.so/Sommelier-MATIC-Portfolio-f5c86ba4ab744c74b2fa0f2d247d68c1, https://www.notion.so/Sommelier-ETH-BTC-Trend-20fe0878125e40869b88e754a5c482b0, https://www.notion.so/Sommelier-ETH-BTC-Momentum-dc1007792a784ccab723ab0076d42e52"
Dopex,Watch Out,https://exponential.fi/protocols/8d4e975b-afa2-48fd-b70f-443cf0d3269c,"https://www.notion.so/Dopex-DPX-Monthly-Calls-cf6d311ccd6944979a3c44d2713939d6, https://www.notion.so/Dopex-ETH-Weekly-Puts-fb48ca9bf26b4b5f90d9ff13ea38e32e, https://www.notion.so/Dopex-ETH-Short-Straddle-e314a161f3e341bd87074c9c241ffd1f, https://www.notion.so/Dopex-rDPX-Monthly-Calls-aa516a55929f483da476c5866c3132b7, https://www.notion.so/Dopex-ETH-Weekly-Calls-689892fe4ca84551b9dc9271176ca00d, https://www.notion.so/Dopex-ETH-Calls-1be91a24b3c542bebd929ee1532536ef, https://www.notion.so/Dopex-BTC-Weekly-Puts-ade46d10ba434315957f8e10aad5158c"
OVIX,Average,https://exponential.fi/protocols/a41d9f68-63d3-4ec1-9384-26c0f185c3ec,"https://www.notion.so/0VIX-BTC-Lending-92715b19f9304545b4b2919cafdca27b, https://www.notion.so/0VIX-USD-Lending-bf39d51aeeb84bcf8764daee9cac0e6e"
88mph,Good,https://exponential.fi/protocols/2e512fec-944d-4622-8dad-4b1d67fc9b18,
Aave V3,Best,https://exponential.fi/protocols/cc3aba83-e1a1-4e08-92db-ce196493667a,"https://www.notion.so/Aave-BTC-Lending-3bc26cdc8cc14b2d820a7268ab441f11, https://www.notion.so/Aave-AVAX-Lending-d580b7e245d44335ba5e162dc272a04e, https://www.notion.so/Aave-sAVAX-Lending-7d31bdd836bb4b3e8917339b6c3f84a3, https://www.notion.so/Aave-USD-Lending-41b5bcdf641e478faa845f2c7d5819fc, https://www.notion.so/Aave-USD-Lending-7bd8051114b24d3a9a2d5758f5f9312c, https://www.notion.so/Aave-USD-Lending-eb9b5e153f7f43bfa4dac5d9a88b122c, https://www.notion.so/Aave-USD-Lending-208ea84c3efb433b86d829b6da2b1823, https://www.notion.so/Aave-USD-Lending-65302806b2a74ece8492609a7e6efee6, https://www.notion.so/Aave-USD-Lending-e8636ef45eb94510ac6e354332997209, https://www.notion.so/Aave-ETH-Lending-0acb0de64e45457eb0765be55e87f095"
Abracadabra,Watch Out,https://exponential.fi/protocols/ddd034b4-b62e-4463-a43a-3c66debd1763,"https://www.notion.so/Abracadabra-SPELL-Fee-Sharing-c8568d1c4a2c4fbfb323d30bb6030048, https://www.notion.so/Abracadabra-USD-Market-Making-45e1e35d601b474eaf770bec7881f036, https://www.notion.so/Abracadabra-USD-Market-Making-f71c639e6f73428fb0c937aebb3bc194"
Across,Average,https://exponential.fi/protocols/d9108b3e-8f6f-4f81-8021-256ea48fa438,"https://www.notion.so/Across-ETH-Bridging-f3d875b02f5c49fdb8d59ea21b31fac3, https://www.notion.so/Across-USD-Bridging-cb4bc80359b64d3cb9134768113081ca, https://www.notion.so/Across-USD-Bridging-8df7f886f7324117a2751dce254b2047, https://www.notion.so/Across-BTC-Bridging-4d0323751de44dd4ab81a790937475b2"
Allbridge,Watch Out,https://exponential.fi/protocols/174b2e54-2e4e-474f-a769-85b145aac3b3,
Alpaca,Good,https://exponential.fi/protocols/df1c8ef2-b77d-49fe-82b4-8534b4d3d622,
Alpha Homora,Good,https://exponential.fi/protocols/2e215cf5-e8c4-4532-acbc-2949269d4d73,
Angle,Average,https://exponential.fi/protocols/9c12131c-0c5e-4e5e-8c75-4059e021a529,"https://www.notion.so/Angle-USD-Lending-fcaa7f383dca4c40a29b01e8289e70a1, https://www.notion.so/Angle-USD-Lending-3710025eb51c468da66e04d1a52b4121"
Ankr,Average,https://exponential.fi/protocols/aecd690b-b925-4ab7-aa56-19202c555a7e,
Arbitrum Bridge,Average,https://exponential.fi/protocols/a1df997f-159f-41be-a069-f8cd42e9f408,
Arrakis (G-UNI),Average,https://exponential.fi/protocols/2e725e0e-0f62-4667-8fd5-61770c9badac,
Autofarm,Average,https://exponential.fi/protocols/77d6d61c-cf94-4b1f-89cc-ef7348329eb0,"https://www.notion.so/AutoFarm-ETH-CRO-Market-Making-7d84f1cd6a9c491a8dfe1e0daf436ef3, https://www.notion.so/AutoFarm-ETH-BNB-Market-Making-59756717cfc949ba951bf62debea5665, https://www.notion.so/AutoFarm-USD-Market-Making-20add8411a1147f990e5be896a309ab1"
Avalanche Bridge,Watch Out,https://exponential.fi/protocols/7b2c8246-eb5c-4ae9-a12d-a2092d62ed6f,
Axie Infinity,Average,https://exponential.fi/protocols/3aa96885-5190-497f-a232-3419e6e2f904,
B.Protocol,Watch Out,https://exponential.fi/protocols/aa92b92c-057c-4151-921b-751ff3224974,
Badger,Good,https://exponential.fi/protocols/7aed1878-38db-4ead-9584-9370581b5753,https://www.notion.so/Badger-BTC-Market-Making-07362aa8af9b4618a87671dd79be786a
Balancer,Good,https://exponential.fi/protocols/6cb3d0b1-f15b-4325-bb90-3396e582b922,"https://www.notion.so/Balancer-ETH-Market-Making-a3cf467cb3424c73a7c2487fc25eadf6, https://www.notion.so/Balancer-ETH-Market-Making-6c2007d4ef5343b1b36031da2e587f43, https://www.notion.so/Balancer-Tricrypto-Market-Making-edad4fe8eacf4472a846eda067bff53b, https://www.notion.so/Balancer-Tricrypto-Market-Making-9e115ccbd19448798675a7a6237f46d9, https://www.notion.so/Balancer-BTC-ETH-Market-Making-43698178c5274b319a57ea2284227415, https://www.notion.so/Balancer-USD-Market-Making-cc0b13a6388e4c29a374df4f1c67eee3, https://www.notion.so/Balancer-USD-Market-Making-0c1aad74957846edba3adaf48001d69d, https://www.notion.so/Balancer-COMP-ETH-Market-Making-e9181d60939d45bf89d97b33966ba90e, https://www.notion.so/Balancer-MATIC-Market-Making-d2dccc5013834373ac9317d131ebad51"
Bancor V3,Watch Out,https://exponential.fi/protocols/50fd21f9-f04c-4eca-a4ed-b9c5b0d23a35,
Banker Joe,Watch Out,https://exponential.fi/protocols/d26669b3-c717-4748-b8c5-9729986cb1fc,"https://www.notion.so/Trader-Joe-BTC-Lending-e1c93a4d377d4d0e9b4ebf4000b87f32, https://www.notion.so/Trader-Joe-USD-Lending-fc472460c1b94d8cb9ae3d070003886c, https://www.notion.so/Trader-Joe-USD-Lending-1c30b3c65bf4439dab0a1347cf1cc24b, https://www.notion.so/Trader-Joe-ETH-Lending-90091be854004ea996fe9b81260cc403, https://www.notion.so/Trader-Joe-USD-Lending-f1156f9491de4eccb08a7865a12f2aea, https://www.notion.so/Trader-Joe-USD-Lending-d6b7f451907a40a593261c5910dc4a33, https://www.notion.so/Trader-Joe-AVAX-Lending-029e63398efb49a1a0f36a510fae4fae"
BarnBridge,Watch Out,https://exponential.fi/protocols/4f158d53-0ca1-42db-a646-124a02cf7231,
Beefy,Average,https://exponential.fi/protocols/ccaec48b-feb8-4445-b41d-58979c31e5d7,"https://www.notion.so/Beefy-ETH-Market-Making-55bb21b00a9140fdadaa84ad4909cdfa, https://www.notion.so/Beefy-USD-Market-Making-d562b1b671194ccc8b296cc35ff3cc46, https://www.notion.so/Beefy-AVAX-Market-Making-529f036036914dd8beb519302a88174e, https://www.notion.so/Beefy-FTM-Staking-31c29302a5dc45199b4a2e164113f6f3, https://www.notion.so/Beefy-Tricrypto-Market-Making-fd14f08ed5fb4071a077e234d007eb91, https://www.notion.so/Beefy-Tricrypto-Market-Making-9348ac59ae594784a9fedd5f76e60c65, https://www.notion.so/Beefy-Tricrypto-Market-Making-cfa19578ce734c98947ee51b4728920d, https://www.notion.so/Beefy-Tricrypto-Market-Making-8c6b5810b65540189dd8b7f7edb326a4, https://www.notion.so/Beefy-AVAX-FTM-Market-Making-11c3944d9d4e4bec90dd031510617701, https://www.notion.so/Beefy-BTC-USD-Market-Making-46085067c8a140399a099dfeb56a9f81, https://www.notion.so/Beefy-AVAX-ETH-Market-Making-22d427c3ede1441ca7493c8d933dfbcf, https://www.notion.so/Beefy-USD-Market-Making-78e170b4d3c54beb8a6a51ab0b53e1fa, https://www.notion.so/Beefy-USD-Market-Making-20c0bd79fc774fc2a38310669f473d6e, https://www.notion.so/Beefy-USD-Market-Making-78ddc34e30e742aa9a6eb9743ec16ddd, https://www.notion.so/Beefy-USD-Market-Making-0b7e7bf2c62a4d9398dc9c500019fe89, https://www.notion.so/Beefy-USD-Market-Making-0f4b8d24b90848c3aae26a5832940a6c, https://www.notion.so/Beefy-USD-Market-Making-4b17060adfea48d1b77de24f1534e30c, https://www.notion.so/Beefy-USD-Market-Making-54dd5301ebc0484cbb6ec17510ba6ae2, https://www.notion.so/Beefy-USD-Market-Making-6680887569d04ec9b8088b512de61bd1, https://www.notion.so/Beefy-MATIC-Market-Making-dc307e71cdb24d80a2b1e055a0ce4e04, https://www.notion.so/Beefy-EUR-USD-Market-Making-3a89655bb4f64fabb12343535839048d"
Beethoven X,Watch Out,https://exponential.fi/protocols/561427d4-1df3-4387-9e7a-3c0f3140870b,"https://www.notion.so/Beethoven-ETH-Market-Making-e40bcbca0ff84622bb894183ceaf4856, https://www.notion.so/Beethoven-USD-Market-Making-01d06239478d424c8a1640d198871ef0, https://www.notion.so/Beethoven-Tricrypto-Market-Making-3580d5a14152427a9a09df1e7acd451c, https://www.notion.so/Beethoven-FTM-Tricrypto-Market-Making-bb4c41e61f83404089766bcd1c704dec, https://www.notion.so/Beethoven-OP-ETH-USD-Market-Making-6a72960473ea47c286147e3981f5cfe5, https://www.notion.so/Beethoven-USD-Market-Making-fb6c2cb47e2e419eb83eb2e501c17400, https://www.notion.so/Beethoven-USD-Market-Making-fddfddcfc4b248909d242387c058c119"
BendDAO,Watch Out,https://exponential.fi/protocols/cf78ad73-9392-4939-bd56-91ee64df2306,"https://www.notion.so/BendDAO-ETH-Lending-d5353f21ae2c45c684f6f38eada4ac8b, https://www.notion.so/BendDAO-Fee-Sharing-8131b482a2ef4463b89726b8ea7cbf71"
Benqi,Average,https://exponential.fi/protocols/4a83ec42-e071-4cdc-aa16-4748c13bd534,"https://www.notion.so/Benqi-BTC-Lending-8da7f32f90c74b64966dc93bce533868, https://www.notion.so/Benqi-BTC-Lending-f0af699402a540678cf010c9b4ab1f99, https://www.notion.so/Benqi-USD-Lending-c2e15f44eb4644358827d6df8645e683, https://www.notion.so/Benqi-USD-Lending-90981e708fad449bb68cd7f3e7521dfa, https://www.notion.so/Benqi-AVAX-Lending-6876ae3d21a14ce2bd3865438239562f, https://www.notion.so/Benqi-AVAX-Lending-577b3c52438d402388add34fae8d0622, https://www.notion.so/Benqi-USD-Lending-b21cd24be624428894607d9b02d91438, https://www.notion.so/Benqi-ETH-Lending-3d34d4d8a8704f6c9f2a4a89f1774150"
Bengi Liquid Staking,Average,https://exponential.fi/protocols/590a5c3e-d007-4e0f-88c9-6a05c77fbe2d,
Binance Bridge,Watch Out,https://exponential.fi/protocols/1fabbc1d-7773-42f2-ab44-472b3eb53feb,
Biswap,Watch Out,https://exponential.fi/protocols/aba69a3a-c567-4026-94e4-93a53dc5112f,https://www.notion.so/Biswap-BTC-USD-Market-Making-fa442764b49e4a58aa3815d79094bc29
Chicken Bonds,Watch Out,https://exponential.fi/protocols/6ef1a842-79d7-4ed3-ba1e-61a95f84f33f,https://www.notion.so/Chicken-Bonds-USD-Bonding-0741980e269240dfb3a60ab6bc5b0998
Clearpool,Watch Out,https://exponential.fi/protocols/311db98d-13e9-450c-aa68-e484837f1cd8,https://www.notion.so/Clearpool-Auros-USD-Lending-e9deff51dc3e403d86f0241c9b8ab517
Clipper,Average,https://exponential.fi/protocols/c092cc59-98ac-448f-8420-e7aa69987ffd,"https://www.notion.so/Clipper-Tricrypto-LINK-OP-Market-Making-72f493cf3cf84dbb97a576eb2f8613c0, https://www.notion.so/Clipper-Tricrypto-MATIC-Market-Making-ef19e460d97c4a58a2366e9a7d7eed8f, https://www.notion.so/Clipper-Tricrypto-Market-Making-7e0de2bb24024e5c9911d083a42ff43a"
Coinbase Liquid Staking,Average,https://exponential.fi/protocols/f7f757dd-aa51-461e-8440-124823eeb200,https://www.notion.so/Coinbase-ETH-Staking-93178d0c9df341548a6512544cc951ec
Compound,Good,https://exponential.fi/protocols/f4a19a6a-f006-48c1-8db1-0aa41c2c6d89,"https://www.notion.so/Compound-USD-Lending-9c7fd8ab23234fb38da6eaa2fbd6fae5, https://www.notion.so/Compound-ETH-Lending-3ce0319964724dda95429167c0b15ce1, https://www.notion.so/Compound-BTC-Lending-221b49eed5944743a3eedb22d034f631"
Convex,Average,https://exponential.fi/protocols/15ccfdc7-3489-4256-8633-d4c1090a87c6,"https://www.notion.so/Convex-EUR-USD-Market-Making-2d49f8c3e7804548afb5c16167243c1d, https://www.notion.so/Convex-USD-Market-Making-94fcc59cae104390b469f3216d26bcec, https://www.notion.so/Convex-BTC-Market-Making-84a0b2081f9d4931a52119f95c70eac0, https://www.notion.so/Convex-ETH-Market-Making-b546005334a649e3bd5ddf8907f34720, https://www.notion.so/Convex-ETH-Market-Making-85d223b59f0444c882a97a98d7939cff, https://www.notion.so/Convex-EUR-Market-Making-fec48d7f75ca4c07850d59ea893057a7, https://www.notion.so/Convex-ETH-CRV-Market-Making-bb0747c7004749c39023314afe7cd7d9, https://www.notion.so/Convex-ETH-CVX-Market-Making-4824f186448d4c869ea9cf54e1376d3b, https://www.notion.so/Convex-cvxCRV-CRV-Market-Making-17dfc96789404afba824ce4aedd231bf, https://www.notion.so/Convex-CRV-Fee-Sharing-2347df82732c4d1c8e7305e874bb523e, https://www.notion.so/Convex-EUR-USD-Market-Making-1bdb08806d45478cbfa7d70b3a2364d9, https://www.notion.so/Convex-EUR-Market-Making-b94093f7fe2842a8b9d8609e9befd700, https://www.notion.so/Convex-EUR-Market-Making-5d929c8e318f42ad86d5325d4f962eb7, https://www.notion.so/Convex-USD-Market-Making-ab104c85d1744f76aefa287673949cb6, https://www.notion.so/Convex-EUR-Market-Making-0e829a7c0ed44724a2145bcc61b0a918, https://www.notion.so/Convex-ETH-Market-Making-548d86c76c8c4134b702118825c7bd29, https://www.notion.so/Convex-USD-Market-Making-0967fbca1a2f43e0842b39401aac316e, https://www.notion.so/Convex-USD-Market-Making-c567199bead44bc59b1fdf31d69df59b, https://www.notion.so/Convex-CVX-Staking-98bc46afa1ac452c97c94b7ff6b26da0"
Curve,Best,https://exponential.fi/protocols/ae47d5b9-7f30-4d11-932f-1368ec773768,"https://www.notion.so/Curve-FIDU-USD-Market-Making-80097f111843424cbbe9a4cde2a7c30e, https://www.notion.so/Curve-ETH-Market-Making-a7f155e548b0461db0e2e7fe659f8789, https://www.notion.so/Curve-CRV-Fee-Sharing-35b805b0132c48cc8a92b44dc85802bb, https://www.notion.so/Curve-BTC-Market-Making-6e59fb7161c04f34b8619f2c334601ec, https://www.notion.so/Curve-ETH-Market-Making-28359b7a4ddc49259c459f2dc52b0d65, https://www.notion.so/Curve-Tricrypto-Market-Making-5833acceac99451e98171487dc0bc9d4, https://www.notion.so/Curve-USD-Market-Making-a883dd95ad154f45a44207755e952d82, https://www.notion.so/Curve-USD-Market-Making-e65e8ab2ea394f1a964a2013df0c7311, https://www.notion.so/Curve-USD-Market-Making-a0f99bf1384d4d9fbfffc908f99a4f13, https://www.notion.so/Curve-USD-Market-Making-8462c945b6064371a79c3a3408ab6fee, https://www.notion.so/Curve-USD-Market-Making-e4b30900f7ef4d79b68552e4283eaf17, https://www.notion.so/Curve-USD-Market-Making-537ecc567bfd41c19904134c6f8606c3, https://www.notion.so/Curve-USD-Market-Making-e93e4bac4e814e1b90f5f23ffd09fee8, https://www.notion.so/Curve-USD-Market-Making-6dc3dc79bc024684b87422c0390192af, https://www.notion.so/Curve-USD-Market-Making-9b5803272b5f4bb0be398caaea44cfad, https://www.notion.so/Curve-USD-Market-Making-f93f2a91cff543938b8e53ed52d52751"
Deus,Watch Out,https://exponential.fi/protocols/08065a07-9dc4-48f6-a7a3-19ad616bc137,
dYdX,Good,https://exponential.fi/protocols/e084732d-b58d-48e9-b804-760aa526ee32,
Ellipsis,Watch Out,https://exponential.fi/protocols/75bcba98-9fb4-4885-b739-515a154bc57e,
Eth2,Good,https://exponential.fi/protocols/d6a4e2cb-1a3c-40dc-b912-d112c843ab9f,
Ethereum Name Service,Best,https://exponential.fi/protocols/17d1bfb3-267d-4eaa-9fbc-a70f390433de,
Euler,Average,https://exponential.fi/protocols/7fb14dd8-4fd8-497f-8c04-4a1b88098f5b,"https://www.notion.so/Euler-USD-Lending-d4197abfb4cc4f37a7874f81155e7d83, https://www.notion.so/Euler-ETH-Lending-508461660faa42fc8f20c26fc53546af, https://www.notion.so/Euler-ETH-Lending-95f458b8a02744adbe4bacb3103e03df, https://www.notion.so/Euler-ETH-Lending-7ef710f7617242d5a2efb9d8b5e6d6d4, https://www.notion.so/Euler-BTC-Lending-1cf1447cee25486d95a72044eb66ac16, https://www.notion.so/Euler-USD-Lending-518807eed55e4c788e7630d5f674b409, https://www.notion.so/Euler-USD-Lending-94cf7562719a4fd8a01aa281c26817c7"
Frax,Average,https://exponential.fi/protocols/fdbafb33-9213-4c20-b41f-e7b6a8aa5282,
Frax Ether,Watch Out,https://exponential.fi/protocols/9a6e460d-19d3-4b6a-92e4-8598a85b8096,https://www.notion.so/Frax-ETH-Staking-44896f5abed34a9ca90c08d0e4f0b0f6
Gains Network,Watch Out,https://exponential.fi/protocols/8749d71f-ee18-4d85-b72e-e2061551c24e,"https://www.notion.so/Gains-USD-Market-Making-67b322d60e87486cb852caa4c54107b1, https://www.notion.so/Gains-USD-Market-Making-fe34d3bf5866437c9837e8370d84f8ed, https://www.notion.so/Gains-GNS-Staking-33084a3449b64fb69263dfac498982c5"
Gearbox,Average,https://exponential.fi/protocols/c294ca57-39ba-40cc-9c55-ff3d45e62918,"https://www.notion.so/Gearbox-ETH-Lending-a3f2ec8ea40d4f9f9a783896458755ee, https://www.notion.so/Gearbox-ETH-Lending-c90a497399b1453abf43207c06eb14f9, https://www.notion.so/Gearbox-USD-Lending-9035bd5180414ff59f2cdd93c388736c, https://www.notion.so/Gearbox-BTC-Lending-442cb3f065e4441ca10cf2b9f8b611ff, https://www.notion.so/Gearbox-USD-Lending-26188f19cdcd45248f6fb38d57908167"
Geist,Watch Out,https://exponential.fi/protocols/3d2e4394-651d-43f1-81f8-cd24e692018c,
GMX,Watch Out,https://exponential.fi/protocols/b5c8e645-8317-465f-add0-efd85ff8a246,"https://www.notion.so/GMX-Crypto-Market-Making-65877b01b87741e28a59e7912d2a34d5, https://www.notion.so/GMX-Fee-Sharing-0fbf7f40f7394506933e2789dcca1a1f, https://www.notion.so/GMX-AVAX-Tricrypto-Market-Making-11170c56506b42e598648d9d458d5545"
Goldfinch,Watch Out,https://exponential.fi/protocols/7c7e0e16-9d6d-4921-86f2-3a78725bc9f4,https://www.notion.so/Goldfinch-USD-Lending-aca4d07d4ee248058f264b6d9e10db35
Granary,Watch Out,https://exponential.fi/protocols/198c6ea0-9000-4dbd-9543-762617e6f618,
Harvest,Watch Out,https://exponential.fi/protocols/e94b5fb5-c2aa-491b-9fa6-d49e0ebf4cbe,
Helio,Watch Out,https://exponential.fi/protocols/d0d441d3-03c7-409d-8602-254de3acbf3d,
Hop,Good,https://exponential.fi/protocols/8e3e8acd-67af-4cf5-89bb-17a3fb8944f7,"https://www.notion.so/Hop-USD-Bridging-71cb28d290074b31ac9f74218ce33b44, https://www.notion.so/Hop-USD-Bridging-ed19369095b944859f1115364ee20bcc, https://www.notion.so/Hop-USD-Bridging-acf8416951ea442e878fd3866cb212e9"
Hubble,Average,https://exponential.fi/protocols/0b9987bf-34c4-47f4-af5a-0d104847ddbf,
Idle,Good,https://exponential.fi/protocols/398de68f-e761-4e3e-89ba-ad3c58b7ec8b,"https://www.notion.so/Idle-ETH-Perpetual-Yield-Tranches-Senior-943a78de18564563a316f371e81c811b, https://www.notion.so/Idle-MATIC-Perpetual-Yield-Tranches-Junior-5b3235d1b28a48a4807cb5c46777802f, https://www.notion.so/Idle-MATIC-Perpetual-Yield-Tranches-Senior-9b9ecfa6de014e5392a882d1a7f7ef91, https://www.notion.so/Idle-ETH-Perpetual-Yield-Tranches-Junior-0349d0e4c245412abb85e69290805295, https://www.notion.so/Idle-USD-Lending-89b7f14d819b4ab0b4d51128f99ab7d3, https://www.notion.so/Idle-USD-Lending-c976408ffa214a9db1918e66f75cab5f, https://www.notion.so/Idle-ETH-Lending-70af823dea2b4b2cb64fad4d1dfc4395, https://www.notion.so/Idle-USD-Lending-16d3c8338e0d49148816c4fbc5325fdb"
Illuvium,Average,https://exponential.fi/protocols/cde75f1d-b6d8-4ab0-b27d-5440905c578a,
Impermax,Watch Out,https://exponential.fi/protocols/4a9cb366-9932-4732-a8b9-eef0cf436b25,
Index Coop,Best,https://exponential.fi/protocols/7a5fce96-98d4-49f9-ad23-34aa44489659,
iZiSwap,Watch Out,https://exponential.fi/protocols/91c05715-3397-438d-9e32-ff4317009c90,
iZUMi LiquidBox,Average,https://exponential.fi/protocols/c5e0eccb-d7dc-4504-bb0f-bcc5e953eb1d,
Jones DAO,Watch Out,https://exponential.fi/protocols/fb615848-f303-4a0e-9738-fdb4920819d6,"https://www.notion.so/Jones-Dao-ETH-Market-Making-0f8c3274f31b4303a9fa98b06f9feaa1, https://www.notion.so/Jones-Dao-ETH-Calls-2a94759f07ef4580a3c0fcbf24a20050"
JustLend,Average,https://exponential.fi/protocols/0ca97cfb-37b5-4b40-89f9-571d20d0a66f,https://www.notion.so/JustLend-USD-Lending-3352969424614893a03036f6ee8704f5
JustStable,Watch Out,https://exponential.fi/protocols/9dc32683-b8ee-47fa-b3ed-cac61740136c,
Kamino,Watch Out,https://exponential.fi/protocols/c14b0fd3-95b8-4f77-ba83-8b1df7d19ee4,
Kwenta,Good,https://exponential.fi/protocols/f92c5d22-2544-4f51-abb3-0b0383f29d7d,
Lido,Good,https://exponential.fi/protocols/3501b076-ff45-4999-aeb4-3453cebe2451,"https://www.notion.so/Lido-ETH-Staking-76e1138f73344224a44cbd87c292c4eb, https://www.notion.so/Lido-SOL-Staking-b2373ddb24f54b7c84d890a4245c6982, https://www.notion.so/Lido-MATIC-Staking-98034a2731174584a749e31242e24b4d"
Liquity,Good,https://exponential.fi/protocols/07d1c31c-ee43-416d-8c7f-1f259eb0e750,https://www.notion.so/Liquity-USD-Stability-Pool-41dbf0f1bb884e26a37e5ed7ff0056e3
LooksRare,Watch Out,https://exponential.fi/protocols/1c00816f-70d0-4597-bb61-c64d6d2eaec9,https://www.notion.so/LooksRare-Fee-Sharing-be74114a60194c0f842adc5ae9b5cf18
Lyra,Average,https://exponential.fi/protocols/5482ed98-9993-4e99-b477-1ff5e512519f,"https://www.notion.so/Lyra-BTC-Options-Market-Making-c54ef46c5d7244bda554183d484877b8, https://www.notion.so/Lyra-ETH-Options-Market-Making-c346aaf07f3d46fa8bfb0d3b6370f06e"
Maker,Good,https://exponential.fi/protocols/26b3d2b6-b937-434a-b9af-6a0f5a4a3737,
Manifold,Watch Out,https://exponential.fi/protocols/8c6ec8e8-0a28-4766-bef0-52fe48f06a2a,
Maple,Watch Out,https://exponential.fi/protocols/d4d16057-ae1e-4e05-907b-95505df6aae1,
Mercurial,Watch Out,https://exponential.fi/protocols/422d831b-79f6-4de8-8b25-217f7918f1a2,
Mero,Average,https://exponential.fi/protocols/66722d2c-c293-470c-bd5e-962742189c6e,"https://www.notion.so/Mero-USD-Staking-a2f8c6dcb9aa405f9a695355a4c2f790, https://www.notion.so/Mero-USD-Staking-2bdb4c14871c407bb4850905443f13de, https://www.notion.so/Mero-USD-Staking-0bb3c24051554e779ef701c341be2416, https://www.notion.so/Mero-ETH-Staking-b6a50aad50c848548469635fa929a1ab, https://www.notion.so/Mero-USD-Staking-37f123f31bc14d9ebbcfa26f15dba858"
MoreMoney,Watch Out,https://exponential.fi/protocols/851e1116-12f6-47f0-8976-eee9ba4f2dbe,
Morpho-Aave,Watch Out,https://exponential.fi/protocols/4b096817-0f3d-45e5-95ae-d6a9141005cc,"https://www.notion.so/Morpho-Aave-BTC-Lending-3c940340758f41d198b5c7a3e3efa369, https://www.notion.so/Morpho-Aave-USD-Lending-63bd9e6903824b5caf03656699c73a7a, https://www.notion.so/Morpho-Aave-ETH-Lending-24ce7ca7fbaa4c87b0988cfda6843d1a, https://www.notion.so/Morpho-Aave-USD-Lending-e4a76af986c84552b698ceb0d344da07, https://www.notion.so/Morpho-Aave-USD-Lending-547601d687a34facb7a2a25ca757f882"
Morpho-Compound,Average,https://exponential.fi/protocols/fc0ff19a-7d49-462b-b43e-f5021f9b0466,"https://www.notion.so/Morpho-Compound-BTC-Lending-75f8557ed5ec40e8b01c1bdd451ed03d, https://www.notion.so/Morpho-Compound-USD-Lending-7cca51868a9e48799f9ade69a90fe7ae, https://www.notion.so/Morpho-Compound-USD-Lending-ef100172ddd741669238f2bcfbdae4ef, https://www.notion.so/Morpho-Compound-USD-Lending-12de7880986c45298f7c476b931d316d, https://www.notion.so/Morpho-Compound-ETH-Lending-9e8ed99f90614f409750209e40749795"
mStable,Best,https://exponential.fi/protocols/a29d2e56-7ae7-4182-ab53-2c71a19ae54f,
Multichain,Watch Out,https://exponential.fi/protocols/bad1265d-78c3-486d-a8f0-bfc5cfdc81eb,
Mycelium Perpetual Pools,Average,https://exponential.fi/protocols/105d3ddb-e962-4b7b-bfeb-dda0c2da7378,"https://www.notion.so/Mycelium-MYC-Fee-Sharing-91b63538dca34a38825c87fb9ca27659, https://www.notion.so/Mycelium-Crypto-Market-Making-1ea0da6b15364586bc71d5d2b1217fbb"
Neutrino,Watch Out,https://exponential.fi/protocols/7bc38b69-a2e3-4f5f-afe6-6e2132412aab,
Nexus Mutual,Good,https://exponential.fi/protocols/62c85b4c-afe5-4b9c-92a7-4544b9d41f1e,
Notional,Watch Out,https://exponential.fi/protocols/b762e5fc-0d4c-48ea-a58c-6bcf38895a38,"https://www.notion.so/Notional-USD-Market-Making-79447ce2475646adaa03d2cda563f701, https://www.notion.so/Notional-USD-Market-Making-7d5de4201abd44ac9183b8b60cdabf4c, https://www.notion.so/Notional-ETH-Fixed-Term-Lending-3-23-24e0291390164d10a9084cd1af9ac351, https://www.notion.so/Notional-ETH-Fixed-Term-Lending-6-21-d479a82fb7aa4621bfdcdcff314778f9, https://www.notion.so/Notional-USD-Fixed-Term-Lending-12-18-d1c5a803c4a2487baa04f8d6650d6452, https://www.notion.so/Notional-ETH-Market-Making-0dcea8c7c49b4beaabddd5abbc05d394, https://www.notion.so/Notional-USD-Fixed-Term-Lending-6-21-be5fc6a20b934aa3b5f98cf8aad16439, https://www.notion.so/Notional-USD-Fixed-Term-Lending-12-18-21a9e9470df249cd93501f15d4217cc6, https://www.notion.so/Notional-BTC-Fixed-Term-Lending-3-23-78de672acc73460e8e91a7ceefcccd6b, https://www.notion.so/Notional-BTC-Fixed-Term-Lending-6-21-0e8653d540004a528d3f3ce1fddb55bf, https://www.notion.so/Notional-BTC-Market-Making-24bc0fffb5974b2dacebba66f6291121, https://www.notion.so/Notional-USD-Fixed-Term-Lending-3-23-6e8313c6a0c64901a466018d5c6e2323, https://www.notion.so/Notional-USD-Fixed-Term-Lending-6-21-eafe1fa66de44169ae7f03435ab89d43, https://www.notion.so/Notional-USD-Fixed-Term-Lending-3-23-9da1130f9e9348e3839b6c5eb9124fcc"
Oasis,Average,https://exponential.fi/protocols/4189eee7-ad50-4b8e-9ebc-9f917916c88d,
Olympus,Watch Out,https://exponential.fi/protocols/c3e159cd-1312-4d71-97c8-3a1c8bbb62a3,https://www.notion.so/Olympus-OHM-Fee-Sharing-e5cd346e25a84d1d99e10d1a0bf19035
Optimism Bridge,Average,https://exponential.fi/protocols/24d7ccf4-8dcf-48b2-ada6-04bac813c3b3,
Opyn (Squeeth),Average,https://exponential.fi/protocols/0e735ffa-5549-408f-b108-23da0c52f274,
Orca,Average,https://exponential.fi/protocols/4c5fb890-6f58-42bc-954c-7441e83bd978,
Origin Dollar,Good,https://exponential.fi/protocols/60f66564-3e85-421c-97ad-c38e0a4cee07,https://www.notion.so/Origin-Dollar-USD-Yield-8d3f61afacb44a5fac328acfc5a58e2e
Overnight,Average,https://exponential.fi/protocols/624237ad-f40a-437e-8041-e390e0f8cc29,https://www.notion.so/Overnight-USD-Staking-f36cce5b0af84744b3ce69c6079ad739
PancakeSwap,Watch Out,https://exponential.fi/protocols/df829fd8-beff-438e-8a8b-577245f4b966,"https://www.notion.so/PancakeSwap-BTC-ETH-Market-Making-7d0c2bd744634be39f258bce2d1f389f, https://www.notion.so/PancakeSwap-ETH-USD-Market-Making-a96b949b61d34a49a6688f717e114c72, https://www.notion.so/PancakeSwap-BTC-USD-Market-Making-d91e76e18d5e4f75b4dfd25f034df6fd, https://www.notion.so/PancakeSwap-ETH-USD-Market-Making-61300316e6ce4ca5b7fc45277de1de6e, https://www.notion.so/Pancakeswap-BNB-ETH-Market-Making-d1fdbaae1e1e4e0da933e0526a73e07e, https://www.notion.so/PancakeSwap-BTC-ETH-Market-Making-636825805e9e42c489434d72ed09d059, https://www.notion.so/PancakeSwap-USDC-BUSD-Market-Making-957c56ef0974407285475602e22d9e19"
Pangolin,Average,https://exponential.fi/protocols/ea9d4803-0e8e-49b7-a844-0a9b96646527,"https://www.notion.so/Pangolin-AVAX-Market-Making-12cac26f047d41caaeabf1427cf329bb, https://www.notion.so/Pangolin-AVAX-USD-Market-Making-429dfff315a044ef8f376ebdfeeb049a, https://www.notion.so/Pangolin-AVAX-ETH-Market-Making-ccabcca57d2b4caf837fef462c1ca356"
Perpetual,Good,https://exponential.fi/protocols/0b4eef2d-1dca-4fcf-a7a3-0107ab06843e,
Pika,Watch Out,https://exponential.fi/protocols/d747d544-9c92-461d-9872-7e75c57006f0,
Platypus,Watch Out,https://exponential.fi/protocols/cd27deb9-974b-4a7d-b852-39bc47fdc03a,"https://www.notion.so/Platypus-BTC-Market-Making-009226ef193a408db254689152c9bce4, https://www.notion.so/Platypus-AVAX-Market-Making-ec370326e45e4bd5a0c973d7722d1e5c, https://www.notion.so/Platypus-USD-Market-Making-e9e283ddf990464daaa02464f83f4297, https://www.notion.so/Platypus-USD-Market-Making-2194873c7c6a4d799f47de29c1359873, https://www.notion.so/Platypus-USD-Market-Making-c3c8cc8aee8a466cb32f4657d34009ff, https://www.notion.so/Platypus-USD-Market-Making-72c9f47b8c764299a4a9462bf88e01bf"
Polygon PoS Bridge,Average,https://exponential.fi/protocols/e5530da3-b6fd-4b08-acb0-1990432f1797,
Polynomial,Watch Out,https://exponential.fi/protocols/4e2bfdb1-0fbd-44dc-9f4f-631040cfb9bd,
PoolTogether,Best,https://exponential.fi/protocols/e696144f-8b96-40b4-83d2-1371e884bbf7,https://www.notion.so/PoolTogether-USD-Lending-6a3750780c5a47a8b2bfd42496366004
Popsicle,Watch Out,https://exponential.fi/protocols/55ab932f-8c75-406d-be8f-561b36741f8b,
Portal Bridge,Watch Out,https://exponential.fi/protocols/221496e9-f627-4a49-8939-8489096c31a6,
QiDAO,Average,https://exponential.fi/protocols/5c3aeb8c-0b4d-49e3-80d5-7519547e29ec,
Quarry,Watch Out,https://exponential.fi/protocols/151eab48-2870-4a28-af88-6b80cc868d1e,https://www.notion.so/Quarry-SOL-Market-Making-bb00ed4a85014c3f9d9feae4fc36ff29
QuickSwap,Watch Out,https://exponential.fi/protocols/98a5f0c7-c16c-4b6c-8506-e307cbe87055,"https://www.notion.so/Quickswap-MATIC-ETH-Market-Making-c680bc8427a34a9e904ff0184c25d58d, https://www.notion.so/QuickSwap-ETH-USD-Market-Making-1f7ffd5940a34208b298033370ad4d39, https://www.notion.so/Quickswap-MATIC-USD-Market-Making-e78ebe73bf694f25bba7b8cdb78ef039"
Radiant,Watch Out,https://exponential.fi/protocols/30825fe3-136b-4aed-99ed-95cc7bcbeaf4,"https://www.notion.so/Radiant-BTC-Lending-2ad7a76d02954a80bbc1448894f95e48, https://www.notion.so/Radiant-USD-Lending-dfea0a6bbf124e46ac03e1047a85758a, https://www.notion.so/Radiant-USD-Lending-23344da4046d4429814dbb69d467a8fb, https://www.notion.so/Radiant-USD-Lending-7e769d86bcae4eeabf38434c93392d74, https://www.notion.so/Radiant-ETH-Lending-a7ffa4d6a1f541488b95d70dc35fa7e2"
Rage Trade,Watch Out,https://exponential.fi/protocols/ca8d6af3-7956-4492-b9e5-c983fd8dc93b,"https://www.notion.so/RageTrade-Tricrypto-Market-Making-6af5484a10e84e97b9f13014100137cd, https://www.notion.so/RageTrade-USD-Lending-67116785b931468dbe36bedcd5f9c197"
Raydium,Watch Out,https://exponential.fi/protocols/20b126ef-6f6e-42c4-a031-efef9ac80f69,"https://www.notion.so/Raydium-SOL-USD-Market-Making-4d841533e6944062b3321780eebf7427, https://www.notion.so/Raydium-SOL-USD-Market-Making-01994d063e464adbae9c3b3de515a0ae, https://www.notion.so/Raydium-SOL-USD-Market-Making-a41b380e840f4062b470c6e92bfeafa4, https://www.notion.so/Raydium-SOL-USD-Market-Making-4c682ba651c64de7b47f48f6df78c41f, https://www.notion.so/Raydium-SOL-USD-Market-Making-1b2431af32404871a601b0198a633756, https://www.notion.so/Raydium-SOL-ETH-Market-Making-c64c2082ee47418e94b39b36e9cb111d, https://www.notion.so/Raydium-SOL-ETH-Market-Making-d50d08e7cc8346379e82a4fd67342b97"
Reaper Farm,Watch Out,https://exponential.fi/protocols/bafb194b-938b-4961-a1b9-f2e7562be2b1,"https://www.notion.so/Reaper-Farm-ETH-Lending-71138ea151e04978a7fcde20df009a63, https://www.notion.so/Reaper-Farm-USD-Lending-081235433ead4653b7b6cf292edf073e, https://www.notion.so/Reaper-Farm-USD-Lending-fc0a4ab2ca664d748d32dd07478f5c97, https://www.notion.so/Reaper-Farm-USD-Lending-859eb766519e4656ac579fd99c375cc1"
Redacted Cartel,Watch Out,https://exponential.fi/protocols/739de056-85b0-406f-b13f-9f08edbb606f,https://www.notion.so/Redacted-BTRFLY-Fee-Sharing-bae6e6d6be204ad79986dd4b9a84449d
RenVM,Good,https://exponential.fi/protocols/1dff949b-b7f1-4231-9445-6965ff883e47,
Rocket Pool,Good,https://exponential.fi/protocols/8cff41a1-77fe-4304-a084-94280ddd6f78,https://www.notion.so/Rocket-Pool-ETH-Staking-6d002ef3cb3c4c898a6113bc57b2e9cc
Saber,Average,https://exponential.fi/protocols/c089380e-ca27-43e1-9063-4f0608f46e14,https://www.notion.so/Saber-SOL-Market-Making-38b6cb7285e3480b9ce2bc63cfe27c27
Scream,Watch Out,https://exponential.fi/protocols/bb36021d-679d-4b11-8d10-010916ea2a92,
Serum,Watch Out,https://exponential.fi/protocols/4e9c7973-8f37-4a0d-8e92-58f96dbe5d17,
Sherlock,Good,https://exponential.fi/protocols/5d65fe89-22ce-4d95-ba80-1bec0ae05fbb,https://www.notion.so/Sherlock-USD-Staking-7088028542384ee09cd8a70cb8e2ef59
Solend,Watch Out,https://exponential.fi/protocols/fd07c18c-f2ba-43e9-8341-96c7835343a5,"https://www.notion.so/Solend-SOL-Lending-762d3955ed664f2799f848e48506c615, https://www.notion.so/Solend-USD-Lending-b64dc0ea2de440c3abfaf7db2c34a445, https://www.notion.so/Solend-USD-Lending-fa6aaa809d0c4ab18e287fb93b28c0f6"
Sonne,Watch Out,https://exponential.fi/protocols/63bf30d0-5a7d-4265-b9ab-f562fcdbd4b4,"https://www.notion.so/Sonne-USD-Lending-8e2a40d709634eff866253db61c9a98a, https://www.notion.so/Sonne-USD-Lending-b158c246ba1540bab1343a4d75ef5a96, https://www.notion.so/Sonne-ETH-Lending-552c84e64adc4a12b11b0710a552595e, https://www.notion.so/Sonne-USD-Lending-0d827fc382f44c0b841e56c7f6ee1063, https://www.notion.so/Sonne-BTC-Lending-349f1373bf154d33aef9defd85a2f480, https://www.notion.so/Sonne-SNX-Lending-375280ceae8f455f8c60d8e4401837bc, https://www.notion.so/Sonne-OP-Lending-b661cd6f6fb44e14858da7f61a2f7a41, https://www.notion.so/Sonne-USD-Lending-7fa693a5896645be98f79d79364ef6d4"
SpookySwap,Watch Out,https://exponential.fi/protocols/0cba5711-f37c-405d-adc3-6b0ef0a4b778,"https://www.notion.so/Spookyswap-FTM-BOO-Market-Making-da7cf66f09d84ceda0e6c86fa95279eb, https://www.notion.so/Spookyswap-FTM-ETH-Market-Making-4bc9e5155ee342d39a6c3be85a0db7c4, https://www.notion.so/SpookySwap-FTM-USD-Market-Making-4e7e2b8e658e4e23a1126f5d92873b73, https://www.notion.so/Spookyswap-FTM-USD-Market-Making-2efe58e1bd5f4bdba849dbe11225b46b, https://www.notion.so/SpookySwap-FTM-USD-Market-Making-29d0daa3feb04ddf93a57f4575946af9, https://www.notion.so/SpookySwap-FTM-USD-Market-Making-77e23f470dd14d508ff7aa0d6ff1a4b9"
Stader (BNBx),Watch Out,https://exponential.fi/protocols/417817b4-01a7-4ba7-90ad-99221cfa1eeb,https://www.notion.so/Stader-BNB-Staking-aaa0cd23ec774f64b426335d6379fc73
Stader (MaticX),Average,https://exponential.fi/protocols/bf37dc94-47a1-4f56-a55f-519bf8e17218,https://www.notion.so/Stader-MATIC-Staking-70cd62bcc8484e1aa7107dbdbabf28c4
StaFi,Watch Out,https://exponential.fi/protocols/b446915d-5f7d-45d1-9030-edd1ad58d092,
Stake DAO,Average,https://exponential.fi/protocols/80b15f9d-bfbf-42f2-a6df-97b52b3f67e1,"https://www.notion.so/StakeDAO-ETH-Market-Making-282926e5b71c4fcbb178163b7f98bf28, https://www.notion.so/StakeDAO-CRV-Staking-9f3a510a01e24e6a8c23e4874600b36c, https://www.notion.so/StakeDAO-FXS-Staking-28f70aca4b94471a8f299f3bbd2306a2, https://www.notion.so/StakeDAO-USD-Lending-0d087c6575e1412e87ea164765938767"
stake.link,Watch Out,https://exponential.fi/protocols/b6bda1af-0ec0-4489-bd77-b0b9500da1e5,
Stargate,Watch Out,https://exponential.fi/protocols/e6c9ba15-2c7e-4da2-a1b2-ae7f4d15b5bb,"https://www.notion.so/Stargate-USD-Bridging-80b45a004fe5493f8169765848257dfa, https://www.notion.so/Stargate-USD-Bridging-b5176523a98f4c99aa1acc19db367503, https://www.notion.so/Stargate-USD-Bridging-ca1670af0078492d86eb9e013b721db1, https://www.notion.so/Stargate-USD-Bridging-608f37c44107480fa8304af253ec7703, https://www.notion.so/Stargate-USD-Bridging-32a1b0fe512f4d1ba557f79fffe91fd6"
Sturdy,Average,https://exponential.fi/protocols/954a3bfa-c0a6-4696-ae00-2566b1743ef1,"https://www.notion.so/Sturdy-USD-Lending-1a98c7e9535f4814bf400b33af7bf229, https://www.notion.so/Sturdy-USD-Lending-8a0111f9d74541a7b93fdd27dc643e2a, https://www.notion.so/Sturdy-USD-Lending-919178ceb4e04f2e9763d112fbd60ce6"
Sushi,Average,https://exponential.fi/protocols/88387053-e811-4049-beb9-9197296292fc,https://www.notion.so/Sushi-ETH-DPX-Market-Making-ce0516ec4c144c248f81fbc087366d42
Synapse,Average,https://exponential.fi/protocols/12f9a067-cf7a-415f-a364-3790c86d201e,"https://www.notion.so/Synapse-ETH-Market-Making-317b029337034de895ba97ac5e38d6f3, https://www.notion.so/Synapse-ETH-Market-Making-a0072ffdfeb24e429af2db7fb4defc50, https://www.notion.so/Synapse-ETH-Market-Making-ab6d5b84497e42b0b259be768ac3c291, https://www.notion.so/Synapse-USD-Market-Making-7eb27d3411fd49a3b464a1709db1f67c, https://www.notion.so/Synapse-USD-Market-Making-c111eabcda5a4c84b0ab5eb4d1a99c12, https://www.notion.so/Synapse-USD-Market-Making-1da9adbacee64454852f5a77b0c5c8e4, https://www.notion.so/Synapse-USD-Market-Making-768f33843ea743dfa04475ee7f4a62d8, https://www.notion.so/Synapse-USD-Market-Making-f859a5f6d25042359e15bee604f210da"
Synthetix,Average,https://exponential.fi/protocols/e35cec74-9d86-4c14-b3b0-a4830e59087b,
Tarot,Watch Out,https://exponential.fi/protocols/abcf0a6a-6914-417c-baa3-270a8cbad8ae,
The Sandbox,Average,https://exponential.fi/protocols/7719a04b-cec3-4c8c-a76a-c18c19c0c4de,
THORSwap (THORChain),Watch Out,https://exponential.fi/protocols/7a79c4e1-2e9a-42d8-90eb-e2826128d5f8,
Tokemak,Average,https://exponential.fi/protocols/e7e8b05f-2aca-43f4-b067-dcd44b75010b,"https://www.notion.so/Tokemak-ETH-Market-Making-77cd6edb56cd44eeaca5099d1d451e01, https://www.notion.so/Tokemak-USD-Market-Making-9220adc5635440d0aec44ab9170833e7, https://www.notion.so/Tokemak-USD-Market-Making-8b496dd1b98746318a6298b082da23f5, https://www.notion.so/Tokemak-USD-Market-Making-278705cf85734ae898ac4d5c45f69313, https://www.notion.so/Tokemak-USD-Market-Making-86df19864a8a4b6e97aecfa782cd6861"
Trader Joe V2,Watch Out,https://exponential.fi/protocols/9a272192-1cbf-43ad-a563-92e52d54d753,"https://www.notion.so/Trader-Joe-V2-USD-Market-Making-b737b3ac9c76475fb98705f9b8bb0de5, https://www.notion.so/Trader-Joe-V2-USD-Market-Making-04e48f565dfc47568aa6e4c3cae9cfbc, https://www.notion.so/Trader-Joe-V2-USD-Market-Making-f63cbad0b34c426aa8bdc2d8b44d3cfd, https://www.notion.so/Trader-Joe-V2-BTC-Market-Making-a8d88b34fa014ac292cdd46d399152a5, https://www.notion.so/Trader-Joe-V2-AVAX-Market-Making-a8f83621e1054360a33c4276541358f1, https://www.notion.so/Trader-Joe-V2-USD-Market-Making-fbd53ffd1a5a4539a17cf287abff7f35"
TrueFi,Watch Out,https://exponential.fi/protocols/9da806a7-c92c-40f6-a954-023463fec726,"https://www.notion.so/TrueFi-USD-Lending-892c15d144834517bd5d9766193e8c0a, https://www.notion.so/TrueFi-USD-Lending-ba1fa24a1d4c4ce7a54ff207fe45b5a5"
Tulip,Watch Out,https://exponential.fi/protocols/89bc7258-e0c0-4aa7-b28c-7f4fa6faeaa9,
Umami,Watch Out,https://exponential.fi/protocols/50b49910-8914-485c-b490-a048a5b8a219,https://www.notion.so/Umami-Staking-96de261ee9d94fe594400f906ddc2c8b
UwU,Watch Out,https://exponential.fi/protocols/bdf71040-0a05-48ee-a50b-87b7b621c852,"https://www.notion.so/UwU-USD-Lending-2dc69ce9a56f43f09233fdee029ffa90, https://www.notion.so/UwU-USD-Lending-513f5d9a6725429cb65ef07a9a8788a7, https://www.notion.so/UwU-USD-Lending-69957c7a21a14c52afbcbd3a58288b8b, https://www.notion.so/UwU-SIFU-Lending-c449d51b2b7549c3abac97d3ee212966"
Vector,Watch Out,https://exponential.fi/protocols/43e957cf-66f3-4d0a-a4f0-acad770e6a04,
Velodrome,Watch Out,https://exponential.fi/protocols/5d39245d-43f1-4ab5-bb63-e3c90998a03c,https://www.notion.so/Velodrome-EUR-USD-Market-Making-f0eba038d77e4cbaa1a57850471a9dc1
Venus,Average,https://exponential.fi/protocols/040480c4-dfaa-4096-a57a-5fc4def2f106,"https://www.notion.so/Venus-BTC-Lending-de8a89ad745f4b2a9422f1e50358b8ac, https://www.notion.so/Venus-USD-Lending-9817781997084757b5516b0dbb45a3b4, https://www.notion.so/Venus-USD-Lending-3ff03a5224694f2e84ccc5482aa46828, https://www.notion.so/Venus-USD-Lending-5efe617dfda54f79b2ef30e6950857b2, https://www.notion.so/Venus-ETH-Lending-9159b640e70d4a6facfdb26d082af173"
Vires,Watch Out,https://exponential.fi/protocols/7cb67bfb-abac-4a8d-b1e6-caccd53b88f6,https://www.notion.so/Vires-USD-Lending-7ff8ceae877141bfb6aaa65bbf6719cd
Votium,Watch Out,https://exponential.fi/protocols/a680cb9e-a0e1-4d83-a465-607ade75fadd,
VVS,Watch Out,https://exponential.fi/protocols/150b0ecb-638e-454e-950e-5f3fdcd305bb,https://www.notion.so/VVS-USD-Market-Making-00695850c8364e87aa6d087369e0b948
Wombat,Watch Out,https://exponential.fi/protocols/a2e10767-4108-4cab-b546-99cf74d949ae,"https://www.notion.so/Wombat-USD-Market-Making-fc7e5ba75ff141eeb50c1ea94a1e58ce, https://www.notion.so/Wombat-USD-Market-Making-adbe748d0a12436ab1c688b8fc3e79f1, https://www.notion.so/Wombat-USD-Market-Making-43070db9a9a94f83a024f1df413cb95a, https://www.notion.so/Wombat-USD-Market-Making-f9e4c2d57ea4401c8fd5a40b440a1b21, https://www.notion.so/Wombat-USD-Market-Making-e1792e30777e4a2f9ef627c85cefaffc, https://www.notion.so/Wombat-BNB-Market-Making-ef20402ac39b48d7a29246e6fc580975, https://www.notion.so/Wombat-BNB-Market-Making-e5810d801f314d0d900d0d5199dfa710"
WOOFi Earn,Watch Out,https://exponential.fi/protocols/cbfcbc93-6f04-435c-be7f-60be102185cf,"https://www.notion.so/WOOFi-USD-Staking-3f5547c35d1e47989d2156682eedfa26, https://www.notion.so/WOOFi-BNB-Staking-01bd10bdd127464d975aed3c8defaaf2, https://www.notion.so/WOOFi-ETH-Staking-87dfc0ce820845efb3074c5221a20308, https://www.notion.so/WOOFi-OP-Staking-74a352c682d64e98b74b1acd06cb76ea, https://www.notion.so/WOOFi-AVAX-Staking-aa4a9db7988445f19a117dc3153b2210"
xDai Bridge,Average,https://exponential.fi/protocols/2da188bc-968d-4298-b8e8-2327d8a022b7,
Y2K,Watch Out,https://exponential.fi/protocols/78df4e57-6590-49a0-b24b-1336831de149,
Yeti,Watch Out,https://exponential.fi/protocols/f4194625-8f69-4cdc-ae77-185cc82c0e4c,
Yield Protocol,Watch Out,https://exponential.fi/protocols/aa11da42-a185-4aec-8bb0-9b825a170e92,
State.link,Watch Out,https://exponential.fi/protocols/b6bda1af-0ec0-4489-bd77-b0b9500da1e5,https://www.notion.so/stake-link-LINK-Staking-53b1cea73ef044be813fe1867abd4d20
DeFiChain Dex,,,"https://www.notion.so/DeFiChain-USD-Market-Making-da1d3f809e0d492fbc36b9f2b8ecb732, https://www.notion.so/DeFiChain-USD-Market-Making-18f47f6cf3d34b0ebd36c9591bb401cd, https://www.notion.so/DeFiChain-BTC-DFI-Market-Making-2ac6a2784853481cbf482439b6ea0974, https://www.notion.so/DeFiChain-ETH-DFI-Market-Making-1b44bd09f0494624a67ae787f7f2ce8f, https://www.notion.so/DeFiChain-DFI-USD-Market-Making-8c3e56df8d96418fa75b1573289147d0, https://www.notion.so/DeFiChain-DFI-USD-Market-Making-a7b66376dead4c288db2f6214aa38ccf, https://www.notion.so/DeFiChain-DFI-USD-Market-Making-e95494ab283b43638ca87d79ed273f78"
Marinade,,,https://www.notion.so/Marinade-SOL-Staking-00864de0161241a2b3680b532778a54c
Stader sFTMX,,,https://www.notion.so/Stader-FTM-Staking-798db6fa8bd147e787b9a84aff8c45fe
Benqi Liquid Staking,Average,https://exponential.fi/protocols/590a5c3e-d007-4e0f-88c9-6a05c77fbe2d,https://www.notion.so/Benqi-AVAX-Staking-a91d8131e0d34ca1b4a976aa74df6211
Uniswap v2,,,"https://www.notion.so/Uniswap-ETH-USD-Market-Making-7e8d7cc9ac0a44768cb93b28653e715f, https://www.notion.so/Uniswap-ETH-USD-Market-Making-3bed3b1ff0ac4a379a6fc88053de5d87"
Aave V2,,,"https://www.notion.so/Aave-BTC-Lending-e255495661094829849923e7ee635d3a, https://www.notion.so/Aave-USD-Lending-legacy-v2-2ec662373921479090e94bd8156d794e, https://www.notion.so/Aave-AVAX-Lending-legacy-v2-f78a00b685c848da8b53c7a0817958d7, https://www.notion.so/Aave-USD-Lending-db31611a96eb48c9a8e24b2d961769d2, https://www.notion.so/Aave-USD-Lending-legacy-v2-ee52e01235554d74b812a22739ce90f8, https://www.notion.so/Aave-ETH-Lending-f879b6720f2c4cdb97834876b46cb79b, https://www.notion.so/Aave-USD-Lending-39fb9beed116426a8202a7c09216dfd9, https://www.notion.so/Aave-USD-Lending-5b10459b8887475fbfb48f7a85f8db81, https://www.notion.so/Aave-AAVE-ETH-Staking-56b26844758244a69ac8bd385136c4de, https://www.notion.so/Aave-AAVE-Staking-6018780e9a9045c3becd2d7070bb94e5, https://www.notion.so/Aave-USD-Lending-f0925f15d6f04ec79d304ae4c5f4ed3d"
3xcaliSwap,Watch Out,https://exponential.fi/protocols/7c0a37b4-7f97-4406-90f5-a41c408ed0ce,"https://www.notion.so/3xcaliSwap-USD-Market-Making-a06442016b834a0aa01c36240cdbfdc2, https://www.notion.so/3xcaliSwap-USD-Market-Making-eb7a61e82b154f1ca9bb7c34a24184bf, https://www.notion.so/3xcaliSwap-USD-Market-Making-3a2e669008ca4e71bde4a4d60779d918, https://www.notion.so/3xcaliSwap-ETH-Market-Making-abe91ce5ce8f4e03a56cd7446367839b, https://www.notion.so/3xcaliSwap-USD-Market-Making-c2de793ab5194f3dbaa04f83bd7cf5af"